OBJECTID,pointid,rate,region
1,1,0.05496798482,South
2,2,0.05630119922,South
3,3,0.05550947042,South
4,4,0.05693218934,South
5,5,0.05688970704,South
6,6,0.05565019895,South
7,7,0.05640849417,South
8,8,0.05736782345,South
9,9,0.05519252180,South
10,10,0.05706872679,South
11,11,0.05759993190,South
12,12,0.05552941134,South
13,13,0.05742303216,South
14,14,0.05724874358,South
15,15,0.05714879503,South
16,16,0.05749723825,South
17,17,0.05551257843,South
18,18,0.05558662444,South
19,19,0.05405948718,South
20,20,0.05761045737,South
21,21,0.05770187693,South
22,22,0.05759882957,South
23,23,0.05771671337,South
24,24,0.05469184135,South
25,25,0.05792400303,South
26,26,0.05740132425,South
27,27,0.05449489828,South
28,28,0.04858126374,South
29,29,0.05542872476,South
30,30,0.05792903662,South
31,31,0.05853385772,South
32,32,0.05769100937,South
33,33,0.05587979641,South
34,34,0.05375066731,South
35,35,0.05441245925,South
36,36,0.04886936201,South
37,37,0.05401991425,South
38,38,0.05531706289,South
39,39,0.05493428049,South
40,40,0.05839235290,South
41,41,0.05850315033,South
42,42,0.05797281886,South
43,43,0.05758741953,South
44,44,0.05427707692,South
45,45,0.05383013423,South
46,46,0.05210598565,South
47,47,0.05838557899,South
48,48,0.05843734107,South
49,49,0.05181370741,South
50,50,0.05422672613,South
51,51,0.05455486354,South
52,52,0.04967587949,South
53,53,0.04981065529,South
54,54,0.05841828371,South
55,55,0.05852567626,South
56,56,0.05855353688,South
57,57,0.05822272657,South
58,58,0.05670035703,South
59,59,0.05485540537,South
60,60,0.05357654840,South
61,61,0.05142808233,South
62,62,0.05369058351,South
63,63,0.05471921040,South
64,64,0.05545555926,South
65,65,0.05473775117,South
66,66,0.05362968981,South
67,67,0.05465160956,South
68,68,0.05672109319,South
69,69,0.05664323203,South
70,70,0.05364112186,South
71,71,0.05474437113,South
72,72,0.05479869884,South
73,73,0.05480054155,South
74,74,0.05766315256,South
75,75,0.05647518047,South
76,76,0.05549609830,South
77,77,0.05397410278,South
78,78,0.05464659781,South
79,79,0.05449813576,South
80,80,0.05763067183,South
81,81,0.05839780602,South
82,82,0.05642747999,South
83,83,0.04810148406,South
84,84,0.05406362127,South
85,85,0.05453963997,South
86,86,0.05487925887,South
87,87,0.05181394799,South
88,88,0.05842025972,South
89,89,0.05756933108,South
90,90,0.04825637594,South
91,91,0.05484572435,South
92,92,0.04816808918,South
93,93,0.05485710919,South
94,94,0.05444857382,South
95,95,0.05452728853,South
96,96,0.05759168836,South
97,97,0.05458753821,South
98,98,0.05395997399,South
99,99,0.05463032042,South
100,100,0.05454345832,South
101,101,0.05730116863,South
102,102,0.05581135321,South
103,103,0.05554413238,South
104,104,0.05484855662,South
105,105,0.05358797266,South
106,106,0.04813326880,South
107,107,0.05533375257,South
108,108,0.05464629308,South
109,109,0.05451278840,South
110,110,0.05750659991,South
111,111,0.05738100629,South
112,112,0.05026744390,South
113,113,0.04759869443,South
114,114,0.05483940093,South
115,115,0.04814920310,South
116,116,0.04809322687,South
117,117,0.05454654090,South
118,118,0.05512658957,South
119,119,0.05147226251,South
120,120,0.05746785276,South
121,121,0.05740250628,South
122,122,0.05469417435,South
123,123,0.05277436573,South
124,124,0.05411031536,South
125,125,0.04819988686,South
126,126,0.05469315588,South
127,127,0.05475994058,South
128,128,0.04802284916,South
129,129,0.05610121970,South
130,130,0.05608245759,South
131,131,0.05519366993,South
132,132,0.05605287468,South
133,133,0.05596829983,South
134,134,0.05603252639,South
135,135,0.04768760378,South
136,136,0.04738147233,South
137,137,0.05418684389,South
138,138,0.04814668526,South
139,139,0.05722042198,South
140,140,0.05245383630,South
141,141,0.05400721532,South
142,142,0.04803095284,South
143,143,0.05629570993,South
144,144,0.05735467536,South
145,145,0.05531770643,South
146,146,0.04800180683,South
147,147,0.05470922396,South
148,148,0.04821171383,South
149,149,0.05624603855,South
150,150,0.05733860505,South
151,151,0.05722534848,South
152,152,0.05678367013,South
153,153,0.05332922309,South
154,154,0.05272163691,South
155,155,0.05248009127,South
156,156,0.04761166145,South
157,157,0.05474660187,South
158,158,0.04813077034,South
159,159,0.04810234019,South
160,160,0.04765232616,South
161,161,0.04773295921,South
162,162,0.05646858032,South
163,163,0.05577729735,South
164,164,0.04782357833,South
165,165,0.05415227420,South
166,166,0.04706275263,South
167,167,0.04783853678,South
168,168,0.05445199160,South
169,169,0.05457273282,South
170,170,0.05639108138,South
171,171,0.05523313907,South
172,172,0.04786157887,South
173,173,0.04818629289,South
174,174,0.05644538667,South
175,175,0.05717202214,South
176,176,0.05418939089,South
177,177,0.05406718537,South
178,178,0.04761399969,South
179,179,0.04671213771,South
180,180,0.05598861185,South
181,181,0.04792774766,South
182,182,0.04790170493,South
183,183,0.04814302237,South
184,184,0.05428453880,South
185,185,0.05093997215,South
186,186,0.04785039767,South
187,187,0.05439791730,South
188,188,0.05444934952,South
189,189,0.05646524180,South
190,190,0.05154012240,South
191,191,0.05221206220,South
192,192,0.05561013607,South
193,193,0.05646040818,South
194,194,0.04822689798,South
195,195,0.05481787722,South
196,196,0.05485895071,South
197,197,0.05405623418,South
198,198,0.04800429281,South
199,199,0.04802933533,South
200,200,0.05622718214,South
201,201,0.04994191560,South
202,202,0.05157397622,South
203,203,0.05123619542,South
204,204,0.05473681413,South
205,205,0.04831763030,South
206,206,0.05380558042,South
207,207,0.05646120435,South
208,208,0.05464928751,South
209,209,0.05429481838,South
210,210,0.05323275884,South
211,211,0.05192686571,South
212,212,0.05478277377,South
213,213,0.05721815455,South
214,214,0.04744094841,South
215,215,0.05489890126,South
216,216,0.05494599383,South
217,217,0.05730605898,South
218,218,0.04807331084,South
219,219,0.04808206683,South
220,220,0.05609669624,South
221,221,0.05493853053,South
222,222,0.05491670986,South
223,223,0.05319127943,South
224,224,0.05405077491,South
225,225,0.05650152483,South
226,226,0.05728213516,South
227,227,0.05731998464,South
228,228,0.05763381061,South
229,229,0.05645851859,South
230,230,0.05657119897,South
231,231,0.05490341210,South
232,232,0.05680951822,South
233,233,0.05648143048,South
234,234,0.05494040790,South
235,235,0.05639141832,South
236,236,0.05830552745,South
237,237,0.04961818887,South
238,238,0.04926344828,South
239,239,0.05651372075,South
240,240,0.05738260896,South
241,241,0.05797638692,South
242,242,0.05484409904,South
243,243,0.05488692777,South
244,244,0.05345367933,South
245,245,0.04763864817,South
246,246,0.04965942587,South
247,247,0.05612528223,South
248,248,0.05803926877,South
249,249,0.05803085868,South
250,250,0.05425006428,South
251,251,0.05235441664,South
252,252,0.05674705967,South
253,253,0.05366320164,South
254,254,0.05956591992,South
255,255,0.04964403162,South
256,256,0.04959165685,South
257,257,0.05652708281,South
258,258,0.05645443269,South
259,259,0.05748590138,South
260,260,0.05428811118,South
261,261,0.05920633093,South
262,262,0.05899688315,South
263,263,0.05752951339,South
264,264,0.04961060079,South
265,265,0.04928761807,South
266,266,0.05664150028,South
267,267,0.05591779541,South
268,268,0.05551908513,South
269,269,0.05425892581,South
270,270,0.05408741813,South
271,271,0.04389626764,South
272,272,0.05760844550,South
273,273,0.04959065494,South
274,274,0.04933075866,South
275,275,0.04956776689,South
276,276,0.05092783590,South
277,277,0.05659574451,South
278,278,0.05745014693,South
279,279,0.05422178050,South
280,280,0.05900190822,South
281,281,0.05885097372,South
282,282,0.05769289164,South
283,283,0.05777269468,South
284,284,0.04936496496,South
285,285,0.05538734210,South
286,286,0.05341186812,South
287,287,0.05813723587,South
288,288,0.05596862101,South
289,289,0.05202609543,South
290,290,0.05362061365,South
291,291,0.05485714181,South
292,292,0.05782660675,South
293,293,0.04909061932,South
294,294,0.04934988111,South
295,295,0.05479126382,South
296,296,0.05408087271,South
297,297,0.05573222103,South
298,298,0.05190668657,South
299,299,0.05480090625,South
300,300,0.05496582300,South
301,301,0.05394357987,South
302,302,0.05388509347,South
303,303,0.05406517320,South
304,304,0.04356610696,South
305,305,0.04883740272,South
306,306,0.05673711131,South
307,307,0.05869353466,South
308,308,0.05016070205,South
309,309,0.05673016457,South
310,310,0.05492928668,South
311,311,0.05593768666,South
312,312,0.05558971975,South
313,313,0.05536185904,South
314,314,0.05424640228,South
315,315,0.05644204581,South
316,316,0.05490764501,South
317,317,0.05781237322,South
318,318,0.05598539930,South
319,319,0.04350511401,South
320,320,0.04886640136,South
321,321,0.04905039040,South
322,322,0.04885059986,South
323,323,0.05907067232,South
324,324,0.05907337285,South
325,325,0.05342995765,South
326,326,0.04908571218,South
327,327,0.05962117271,South
328,328,0.05029442236,South
329,329,0.05000240498,South
330,330,0.05644832214,South
331,331,0.05299844570,South
332,332,0.05634763375,South
333,333,0.05290358770,South
334,334,0.05624149232,South
335,335,0.05561568714,South
336,336,0.05534920541,South
337,337,0.05605347252,South
338,338,0.05643891110,South
339,339,0.05611981121,South
340,340,0.05666509258,South
341,341,0.04868456024,South
342,342,0.04882292872,South
343,343,0.05438702867,South
344,344,0.05829669953,South
345,345,0.04909827297,South
346,346,0.04911347941,South
347,347,0.05714540882,South
348,348,0.05842785508,South
349,349,0.05018412813,South
350,350,0.05742738075,South
351,351,0.05716482034,South
352,352,0.05689205204,South
353,353,0.05602532215,South
354,354,0.05732805798,South
355,355,0.05265761357,South
356,356,0.05550729705,South
357,357,0.05317563781,South
358,358,0.05668976156,South
359,359,0.05589324048,South
360,360,0.05264363457,South
361,361,0.05773572023,South
362,362,0.04894680583,South
363,363,0.04895241288,South
364,364,0.04909320052,South
365,365,0.04917771649,South
366,366,0.05023205775,South
367,367,0.05944773600,South
368,368,0.05936997222,South
369,369,0.06055872016,South
370,370,0.05055163984,South
371,371,0.05056084422,South
372,372,0.05677466243,South
373,373,0.05572595065,South
374,374,0.05551049629,South
375,375,0.05771895574,South
376,376,0.05583198725,South
377,377,0.05791914130,South
378,378,0.05569505366,South
379,379,0.04950782436,South
380,380,0.04914424892,South
381,381,0.04906425498,South
382,382,0.04971054761,South
383,383,0.05023205775,South
384,384,0.05649322329,South
385,385,0.06110955072,South
386,386,0.06111709830,South
387,387,0.04926702461,South
388,388,0.05277266392,South
389,389,0.05333261264,South
390,390,0.05578471741,South
391,391,0.05655525516,South
392,392,0.05656104538,South
393,393,0.05431102830,South
394,394,0.04904297705,South
395,395,0.04921130243,South
396,396,0.05033121011,South
397,397,0.05953941811,South
398,398,0.05742439009,South
399,399,0.05306072819,South
400,400,0.04926033887,South
401,401,0.05675010789,South
402,402,0.05660697192,South
403,403,0.05313513611,South
404,404,0.05572637822,South
405,405,0.04906469456,South
406,406,0.05801159765,South
407,407,0.05019320479,South
408,408,0.05025559899,South
409,409,0.06110689947,South
410,410,0.05550213134,South
411,411,0.05696398267,South
412,412,0.05683549784,South
413,413,0.05402494698,South
414,414,0.05389277026,South
415,415,0.05715240221,South
416,416,0.05204060575,South
417,417,0.05249298849,South
418,418,0.05655057042,South
419,419,0.05789787637,South
420,420,0.05645705460,South
421,421,0.04912605112,South
422,422,0.05940041387,South
423,423,0.05927048943,South
424,424,0.05701691473,South
425,425,0.05913635630,South
426,426,0.04772445351,South
427,427,0.05680655159,South
428,428,0.04392686780,South
429,429,0.05678613284,South
430,430,0.05325296670,South
431,431,0.05794462961,South
432,432,0.05287286362,South
433,433,0.05204174129,South
434,434,0.05566462974,South
435,435,0.05699672541,South
436,436,0.05219383722,South
437,437,0.05795225208,South
438,438,0.05544087715,South
439,439,0.04903119632,South
440,440,0.05450898224,South
441,441,0.05797870980,South
442,442,0.05136194361,South
443,443,0.05154322732,South
444,444,0.05540699507,South
445,445,0.05714514022,South
446,446,0.05694023143,South
447,447,0.05245585175,South
448,448,0.05378959449,South
449,449,0.05732137288,South
450,450,0.05581757917,South
451,451,0.05230469066,South
452,452,0.05450896427,South
453,453,0.05440887794,South
454,454,0.05304357235,South
455,455,0.06007481782,South
456,456,0.05875240288,South
457,457,0.05520114727,South
458,458,0.05717622936,South
459,459,0.05715261250,South
460,460,0.04396309410,South
461,461,0.05709230291,South
462,462,0.05770148782,South
463,463,0.05696374278,South
464,464,0.05261485439,South
465,465,0.05241313465,South
466,466,0.05804739656,South
467,467,0.05795130927,South
468,468,0.05342134668,South
469,469,0.05649153469,South
470,470,0.05641189748,South
471,471,0.05155049537,South
472,472,0.06003686213,South
473,473,0.05743351404,South
474,474,0.05273384978,South
475,475,0.05936831004,South
476,476,0.05847725819,South
477,477,0.05709618122,South
478,478,0.05710937724,South
479,479,0.05778965899,South
480,480,0.05462190191,South
481,481,0.05468800320,South
482,482,0.05767777195,South
483,483,0.05738183405,South
484,484,0.05783001251,South
485,485,0.05268501185,South
486,486,0.05390714004,South
487,487,0.05690742086,South
488,488,0.05756776542,South
489,489,0.04935301210,South
490,490,0.04927908648,South
491,491,0.04913842868,South
492,492,0.05641449838,South
493,493,0.05935979279,South
494,494,0.05809314312,South
495,495,0.05812279469,South
496,496,0.05993985565,South
497,497,0.05931244836,South
498,498,0.05706079826,South
499,499,0.05710350417,South
500,500,0.05700383441,South
501,501,0.05488303225,South
502,502,0.05798433370,South
503,503,0.05503270004,South
504,504,0.05436810756,South
505,505,0.05777240949,South
506,506,0.05807716167,South
507,507,0.04925312216,South
508,508,0.04943165496,South
509,509,0.04947104156,South
510,510,0.04946584340,South
511,511,0.05989003749,South
512,512,0.05989635882,South
513,513,0.05940279025,South
514,514,0.05801837138,South
515,515,0.05782370075,South
516,516,0.04947141512,South
517,517,0.04927026008,South
518,518,0.05150422931,South
519,519,0.05659205520,South
520,520,0.05819346868,South
521,521,0.05784258118,South
522,522,0.05405495614,South
523,523,0.05781994609,South
524,524,0.05890632890,South
525,525,0.05710460737,South
526,526,0.05815587855,South
527,527,0.05736325513,South
528,528,0.04968048970,South
529,529,0.05619979358,South
530,530,0.05150508053,South
531,531,0.05664186941,South
532,532,0.05213490061,South
533,533,0.05153148798,South
534,534,0.05149363599,South
535,535,0.05789698776,South
536,536,0.05717641986,South
537,537,0.05793761314,South
538,538,0.05892020753,South
539,539,0.05812800458,South
540,540,0.04964011225,South
541,541,0.05556127273,South
542,542,0.05178981815,South
543,543,0.05992604411,South
544,544,0.05846162805,South
545,545,0.05765121759,South
546,546,0.05773452021,South
547,547,0.05806290999,South
548,548,0.05767840353,South
549,549,0.05779358552,South
550,550,0.05382348433,South
551,551,0.05808944929,South
552,552,0.05810901624,South
553,553,0.05768288661,South
554,554,0.05480986297,South
555,555,0.05661967687,South
556,556,0.05781179652,South
557,557,0.05826803694,South
558,558,0.05428868966,South
559,559,0.05896874050,South
560,560,0.05884452511,South
561,561,0.05595621921,South
562,562,0.05721838433,South
563,563,0.05740888417,South
564,564,0.05334410192,South
565,565,0.05178473118,South
566,566,0.05161780609,South
567,567,0.05777234696,South
568,568,0.05824517059,South
569,569,0.05791287481,South
570,570,0.05780899431,South
571,571,0.05691332163,South
572,572,0.05692184180,South
573,573,0.05323731981,South
574,574,0.05726087029,South
575,575,0.04992895856,South
576,576,0.05215502082,South
577,577,0.05611189596,South
578,578,0.05847115945,South
579,579,0.05848167671,South
580,580,0.05825500897,South
581,581,0.05424883426,South
582,582,0.05856539020,South
583,583,0.05734655178,South
584,584,0.05854116123,South
585,585,0.05471450119,South
586,586,0.05857570157,South
587,587,0.05410857729,South
588,588,0.05836139357,South
589,589,0.05813281906,South
590,590,0.05757662171,South
591,591,0.05883381824,South
592,592,0.05477647265,South
593,593,0.05783450812,South
594,594,0.05738021821,South
595,595,0.05860113227,South
596,596,0.05710589522,South
597,597,0.05410812100,South
598,598,0.05403450391,South
599,599,0.05213056016,South
600,600,0.05166551959,South
601,601,0.05850701657,South
602,602,0.05813764737,South
603,603,0.05375930698,South
604,604,0.05690574398,South
605,605,0.05375711833,South
606,606,0.05627100470,South
607,607,0.05291142430,South
608,608,0.05392414826,South
609,609,0.04982141350,South
610,610,0.05739528290,South
611,611,0.05959441312,South
612,612,0.05135842312,South
613,613,0.04946945864,South
614,614,0.05846742165,South
615,615,0.05774420192,South
616,616,0.05790143042,South
617,617,0.05384035025,South
618,618,0.05562914832,South
619,619,0.05858291988,South
620,620,0.05434464797,South
621,621,0.05891281113,South
622,622,0.05002186624,South
623,623,0.05317792661,South
624,624,0.05220279157,South
625,625,0.05130516370,South
626,626,0.05982794853,South
627,627,0.05855478404,South
628,628,0.05941808507,South
629,629,0.05798974108,South
630,630,0.05811645950,South
631,631,0.05798604697,South
632,632,0.05580816696,South
633,633,0.05531615523,South
634,634,0.05125808594,South
635,635,0.05140898519,South
636,636,0.05281265031,South
637,637,0.05420855391,South
638,638,0.05699920190,South
639,639,0.04974168553,South
640,640,0.05861065701,South
641,641,0.06053212435,South
642,642,0.06061888516,South
643,643,0.05834245593,South
644,644,0.05760934246,South
645,645,0.05778329069,South
646,646,0.05860402773,South
647,647,0.05394902059,South
648,648,0.05436836093,South
649,649,0.05434412098,South
650,650,0.05502230899,South
651,651,0.05608271656,South
652,652,0.05949444203,South
653,653,0.05144058383,South
654,654,0.05150809453,South
655,655,0.05209911716,South
656,656,0.05848435303,South
657,657,0.05175598746,South
658,658,0.05893280174,South
659,659,0.05469303466,South
660,660,0.05588973658,South
661,661,0.05545948919,South
662,662,0.05649614926,South
663,663,0.05950149587,South
664,664,0.06055525169,South
665,665,0.06049210802,South
666,666,0.06047385357,South
667,667,0.05722847303,South
668,668,0.06021022375,South
669,669,0.05220206066,South
670,670,0.06066382727,South
671,671,0.06055302895,South
672,672,0.05875884744,South
673,673,0.05607953670,South
674,674,0.06029302851,South
675,675,0.06041531385,South
676,676,0.05460913942,South
677,677,0.05835998256,South
678,678,0.05131247506,South
679,679,0.06073310204,South
680,680,0.06107003203,South
681,681,0.05932491202,South
682,682,0.05933701751,South
683,683,0.05933995520,South
684,684,0.05750040185,South
685,685,0.05992387484,South
686,686,0.06102404290,South
687,687,0.05485535851,South
688,688,0.05823533328,South
689,689,0.05986141651,South
690,690,0.05963289048,South
691,691,0.05727524278,South
692,692,0.06120134672,South
693,693,0.06007952231,South
694,694,0.06128131779,South
695,695,0.05977658258,South
696,696,0.05424724408,South
697,697,0.05568950706,South
698,698,0.05846914149,South
699,699,0.05916074859,South
700,700,0.05909921709,South
701,701,0.05604211868,South
702,702,0.05823576233,South
703,703,0.05808292448,South
704,704,0.06081130554,South
705,705,0.05625474818,South
706,706,0.05622045390,South
707,707,0.06049447212,South
708,708,0.05921491859,South
709,709,0.05925469366,South
710,710,0.06123584007,South
711,711,0.06044306573,South
712,712,0.06199910869,South
713,713,0.05833438018,South
714,714,0.06140720381,South
715,715,0.06157127523,South
716,716,0.05705416414,South
717,717,0.06176250310,South
718,718,0.05593255690,South
719,719,0.06064317680,South
720,720,0.05650639753,South
721,721,0.06107230237,South
722,722,0.06011571523,South
723,723,0.06006685423,South
724,724,0.06161236031,South
725,725,0.05640972716,South
726,726,0.06153940922,South
727,727,0.06199945003,South
728,728,0.05815674234,South
729,729,0.05889231322,South
730,730,0.05849748401,South
731,731,0.06159669368,South
732,732,0.06161301844,South
733,733,0.06162369702,South
734,734,0.06195511760,South
735,735,0.06165843431,South
736,736,0.06178023359,South
737,737,0.06142569329,South
738,738,0.06204328709,South
739,739,0.06136308765,South
740,740,0.05681118319,South
741,741,0.05892157615,South
742,742,0.06163243256,South
743,743,0.06225513689,South
744,744,0.05814756182,South
745,745,0.05415976503,South
746,746,0.06285772912,South
747,747,0.06155667528,South
748,748,0.06274553733,South
749,749,0.06003528598,South
750,750,0.05912601043,South
751,751,0.06242189908,South
752,752,0.05885892344,South
753,753,0.06029110808,South
754,754,0.06294392156,South
755,755,0.06322887376,South
756,756,0.05808855166,South
757,757,0.05899896554,South
758,758,0.05808924090,South
759,759,0.06008754718,South
760,760,0.06139881098,South
761,761,0.06114988047,South
762,762,0.06220884749,South
763,763,0.05834112902,South
764,764,0.05765025405,South
765,765,0.06118033595,South
766,766,0.06163821242,South
767,767,0.06233314590,South
768,768,0.05772603209,South
769,769,0.04701487578,South
770,770,0.06366135977,South
771,771,0.06178023359,South
772,772,0.06170030604,South
773,773,0.05765079851,South
774,774,0.06174293768,South
775,775,0.05941380959,South
776,776,0.06430713668,South
777,777,0.06175856100,South
778,778,0.06279135099,South
779,779,0.05720216436,South
780,780,0.06206803059,South
781,781,0.05775927312,South
782,782,0.06172867356,South
783,783,0.06215085601,South
784,784,0.06246761041,South
785,785,0.05648957991,South
786,786,0.05857908290,South
787,787,0.05898213644,South
788,788,0.05667703089,South
789,789,0.06208816417,South
790,790,0.06216743975,South
791,791,0.06200986243,South
792,792,0.06242055713,South
793,793,0.05656131877,South
794,794,0.06258049463,South
795,795,0.06231098486,South
796,796,0.05706141636,South
797,797,0.06235416062,South
798,798,0.06226770460,South
799,799,0.05992701992,South
800,800,0.05877707396,South
801,801,0.06213408858,South
802,802,0.05862784888,South
803,803,0.05853065243,South
804,804,0.06096232937,South
805,805,0.05794975586,South
806,806,0.06218581196,South
807,807,0.06216420564,South
808,808,0.06094843045,South
809,809,0.04978306106,South
810,810,0.06256521575,South
811,811,0.06243506437,South
812,812,0.06240412613,South
813,813,0.06216273555,South
814,814,0.06189803323,South
815,815,0.05834483737,South
816,816,0.06221321000,South
817,817,0.06664573878,South
818,818,0.05796718036,South
819,819,0.05792494202,South
820,820,0.06145724227,South
821,821,0.06194303186,South
822,822,0.05831212588,South
823,823,0.06049146480,South
824,824,0.06207631062,South
825,825,0.06204064363,South
826,826,0.06207555720,South
827,827,0.05831515921,South
828,828,0.05047121967,South
829,829,0.06231239219,South
830,830,0.06209918185,South
831,831,0.05865482452,South
832,832,0.06194932327,South
833,833,0.05894004211,South
834,834,0.06259064398,South
835,835,0.05599851681,South
836,836,0.04477456360,South
837,837,0.05476697715,South
838,838,0.04776637345,South
839,839,0.04794550564,South
840,840,0.04790865943,South
841,841,0.04802790470,South
842,842,0.04820556702,South
843,843,0.05478635876,South
844,844,0.05420628330,South
845,845,0.05482091076,South
846,846,0.05546192178,South
847,847,0.05393360551,South
848,848,0.04803117584,South
849,849,0.05480620967,South
850,850,0.05449226796,South
851,851,0.05404579683,South
852,852,0.04804575599,South
853,853,0.05440834169,South
854,854,0.05625775383,South
855,855,0.05640627987,South
856,856,0.05324096585,South
857,857,0.05229354873,South
858,858,0.05547898970,South
859,859,0.05327696818,South
860,860,0.05374835560,South
861,861,0.05695953504,South
862,862,0.05400852431,South
863,863,0.05476727564,South
864,864,0.05362145815,South
865,865,0.05342021041,South
866,866,0.05342410317,South
867,867,0.05440226734,South
868,868,0.05371794300,South
869,869,0.05327863177,South
870,870,0.05503100865,South
871,871,0.05575828168,South
872,872,0.05634780065,South
873,873,0.05429823072,South
874,874,0.05109795169,South
875,875,0.04351836718,South
876,876,0.05361344338,South
877,877,0.05706441940,South
878,878,0.05674479096,South
879,879,0.05577804627,South
880,880,0.05360965725,South
881,881,0.05569580199,South
882,882,0.05251175455,South
883,883,0.04847128991,South
884,884,0.05547341765,South
885,885,0.05452412390,South
886,886,0.05544593981,South
887,887,0.05633355204,South
888,888,0.05431037119,South
889,889,0.05468920585,South
890,890,0.05550987732,South
891,891,0.05740260951,South
892,892,0.04363758202,South
893,893,0.05510804324,South
894,894,0.05594713517,South
895,895,0.05137403189,South
896,896,0.05672714457,South
897,897,0.05571486246,South
898,898,0.05540786700,South
899,899,0.05528113313,South
900,900,0.05503421124,South
901,901,0.05503739463,South
902,902,0.05330238033,South
903,903,0.05433540890,South
904,904,0.05350728175,South
905,905,0.04623114105,South
906,906,0.05491452417,South
907,907,0.05545472274,South
908,908,0.05469504167,South
909,909,0.05635337510,South
910,910,0.05622993353,South
911,911,0.05514404604,South
912,912,0.04348487450,South
913,913,0.05523319207,South
914,914,0.05713418360,South
915,915,0.05656526578,South
916,916,0.05585021981,South
917,917,0.05656064786,South
918,918,0.04336696804,South
919,919,0.04603230203,South
920,920,0.05099604471,South
921,921,0.05367341663,South
922,922,0.05566395766,South
923,923,0.05353012870,South
924,924,0.05571016704,South
925,925,0.05711822715,South
926,926,0.05703024293,South
927,927,0.05867172282,South
928,928,0.05529165021,South
929,929,0.05387344856,South
930,930,0.05402207082,South
931,931,0.05473827320,South
932,932,0.04646692424,South
933,933,0.05103059940,South
934,934,0.05478042289,South
935,935,0.05721376375,South
936,936,0.05892640698,South
937,937,0.05434412769,South
938,938,0.05572229371,South
939,939,0.05711369630,South
940,940,0.04923266032,South
941,941,0.05602446560,South
942,942,0.05507564330,South
943,943,0.05422044529,South
944,944,0.05795102012,South
945,945,0.05768046035,South
946,946,0.05504833511,South
947,947,0.05556912933,South
948,948,0.05528046000,South
949,949,0.04937309510,South
950,950,0.05490186024,South
951,951,0.05375391499,South
952,952,0.05554442226,South
953,953,0.05712899695,South
954,954,0.05691562369,South
955,955,0.05513929619,South
956,956,0.05715743327,South
957,957,0.05671441541,South
958,958,0.05611138648,South
959,959,0.05493033102,South
960,960,0.05517574127,South
961,961,0.05690099428,South
962,962,0.05849813166,South
963,963,0.05500592678,South
964,964,0.04837946423,South
965,965,0.04832659162,South
966,966,0.05559431918,South
967,967,0.05723447204,South
968,968,0.05529646040,South
969,969,0.05284995440,South
970,970,0.05669808732,South
971,971,0.05317693660,South
972,972,0.05508597693,South
973,973,0.05505931476,South
974,974,0.05557754193,South
975,975,0.04830936161,South
976,976,0.04825711722,South
977,977,0.04834302111,South
978,978,0.05171280382,South
979,979,0.05534614020,South
980,980,0.05703277446,South
981,981,0.05629386878,South
982,982,0.05858491369,South
983,983,0.05283094545,South
984,984,0.05322143417,South
985,985,0.04839625723,South
986,986,0.04820968200,South
987,987,0.05605471977,South
988,988,0.05556546866,South
989,989,0.05515216197,South
990,990,0.04754594178,South
991,991,0.05743300870,South
992,992,0.05611110504,South
993,993,0.05892837839,South
994,994,0.05651123206,South
995,995,0.05168085871,South
996,996,0.05841560130,South
997,997,0.05296518267,South
998,998,0.05661201031,South
999,999,0.05711687368,South
1000,1000,0.05633153562,South
1001,1001,0.05573572062,South
1002,1002,0.05553359932,South
1003,1003,0.05545363180,South
1004,1004,0.05704022570,South
1005,1005,0.05685596798,South
1006,1006,0.05699092000,South
1007,1007,0.05567977434,South
1008,1008,0.05690727935,South
1009,1009,0.05494320730,South
1010,1010,0.05625202866,South
1011,1011,0.05750139573,South
1012,1012,0.05803392444,South
1013,1013,0.05817373488,South
1014,1014,0.04951716497,South
1015,1015,0.04775028433,South
1016,1016,0.04934409826,South
1017,1017,0.04966617775,South
1018,1018,0.04965860956,South
1019,1019,0.05753747780,South
1020,1020,0.05531282783,South
1021,1021,0.05944433184,South
1022,1022,0.05769351073,South
1023,1023,0.05440478769,South
1024,1024,0.05769150353,South
1025,1025,0.05765048863,South
1026,1026,0.05497009287,South
1027,1027,0.05827210361,South
1028,1028,0.05284555015,South
1029,1029,0.05700340751,South
1030,1030,0.05360050836,South
1031,1031,0.05394362656,South
1032,1032,0.05364326125,South
1033,1033,0.05799117663,South
1034,1034,0.05797235365,South
1035,1035,0.05544147321,South
1036,1036,0.05950150025,South
1037,1037,0.05892923476,South
1038,1038,0.05769246269,South
1039,1039,0.05556640567,South
1040,1040,0.05914335316,South
1041,1041,0.05454344515,South
1042,1042,0.05811627563,South
1043,1043,0.05701154454,South
1044,1044,0.05319243577,South
1045,1045,0.05618325496,South
1046,1046,0.05742723897,South
1047,1047,0.04963692179,South
1048,1048,0.04890059860,South
1049,1049,0.05632226686,South
1050,1050,0.05747975576,South
1051,1051,0.05869602522,South
1052,1052,0.05726378304,South
1053,1053,0.05948251958,South
1054,1054,0.05664543622,South
1055,1055,0.05287945110,South
1056,1056,0.05713904123,South
1057,1057,0.05396650352,South
1058,1058,0.05113615248,South
1059,1059,0.05473047946,South
1060,1060,0.05652713430,South
1061,1061,0.06026116233,South
1062,1062,0.05853941297,South
1063,1063,0.05804726452,South
1064,1064,0.05677113481,South
1065,1065,0.05286566213,South
1066,1066,0.05713321703,South
1067,1067,0.05589033824,South
1068,1068,0.05348291715,South
1069,1069,0.05684295569,South
1070,1070,0.05680175609,South
1071,1071,0.05041672571,South
1072,1072,0.05660821762,South
1073,1073,0.05869396382,South
1074,1074,0.05748165941,South
1075,1075,0.05730294262,South
1076,1076,0.05753670259,South
1077,1077,0.04689598200,South
1078,1078,0.05540956093,South
1079,1079,0.05722384104,South
1080,1080,0.05369760991,South
1081,1081,0.05641925682,South
1082,1082,0.05661956382,South
1083,1083,0.05533729909,South
1084,1084,0.05227864990,South
1085,1085,0.05268616774,South
1086,1086,0.05456771478,South
1087,1087,0.05061350238,South
1088,1088,0.05529084811,South
1089,1089,0.05611478126,South
1090,1090,0.05498612327,South
1091,1091,0.05854338583,South
1092,1092,0.05108270853,South
1093,1093,0.05070666267,South
1094,1094,0.05130616481,South
1095,1095,0.05695267913,South
1096,1096,0.05900014277,South
1097,1097,0.05729145951,South
1098,1098,0.05864557322,South
1099,1099,0.05875532721,South
1100,1100,0.05712614434,South
1101,1101,0.05720354809,South
1102,1102,0.05862192409,South
1103,1103,0.05875016910,South
1104,1104,0.05790233743,South
1105,1105,0.05783853774,South
1106,1106,0.05541270069,South
1107,1107,0.05939786353,South
1108,1108,0.05872698689,South
1109,1109,0.05730373052,South
1110,1110,0.05704447312,South
1111,1111,0.05264156861,South
1112,1112,0.05441462973,South
1113,1113,0.05511979087,South
1114,1114,0.05448338251,South
1115,1115,0.05394288565,South
1116,1116,0.05856731768,South
1117,1117,0.05136763994,South
1118,1118,0.05723379430,South
1119,1119,0.05875788582,South
1120,1120,0.05730687601,South
1121,1121,0.05727145193,South
1122,1122,0.05317965422,South
1123,1123,0.05859984018,South
1124,1124,0.05786906800,South
1125,1125,0.05902924102,South
1126,1126,0.05554962645,South
1127,1127,0.05724512568,South
1128,1128,0.05786475648,South
1129,1129,0.05360724855,South
1130,1130,0.05345253629,South
1131,1131,0.05680716607,South
1132,1132,0.05622689516,South
1133,1133,0.05250990773,South
1134,1134,0.05452355978,South
1135,1135,0.05626759452,South
1136,1136,0.05749135968,South
1137,1137,0.05715898842,South
1138,1138,0.05682536959,South
1139,1139,0.05699645464,South
1140,1140,0.05694909778,South
1141,1141,0.05695013136,South
1142,1142,0.05984209582,South
1143,1143,0.05845326306,South
1144,1144,0.05726792163,South
1145,1145,0.05929239848,South
1146,1146,0.05718475994,South
1147,1147,0.05292861132,South
1148,1148,0.05786215219,South
1149,1149,0.05870138540,South
1150,1150,0.05722415306,South
1151,1151,0.05851722520,South
1152,1152,0.05355883886,South
1153,1153,0.05344534314,South
1154,1154,0.05690201222,South
1155,1155,0.05441607241,South
1156,1156,0.05450788607,South
1157,1157,0.05454016331,South
1158,1158,0.05486062128,South
1159,1159,0.05331862087,South
1160,1160,0.05448094891,South
1161,1161,0.05699071892,South
1162,1162,0.05693716655,South
1163,1163,0.05507012167,South
1164,1164,0.05146043362,South
1165,1165,0.05726530981,South
1166,1166,0.05881528345,South
1167,1167,0.05875890429,South
1168,1168,0.05893803703,South
1169,1169,0.05867533836,South
1170,1170,0.05894116363,South
1171,1171,0.05774739604,South
1172,1172,0.05703115467,South
1173,1173,0.05431098733,South
1174,1174,0.05480584289,South
1175,1175,0.05243201962,South
1176,1176,0.05309464437,South
1177,1177,0.05455529508,South
1178,1178,0.05489769109,South
1179,1179,0.05451689833,South
1180,1180,0.05513224003,South
1181,1181,0.05732132355,South
1182,1182,0.05783719887,South
1183,1183,0.05879421896,South
1184,1184,0.06125301490,South
1185,1185,0.05808188787,South
1186,1186,0.05830600655,South
1187,1187,0.05448567973,South
1188,1188,0.05686852294,South
1189,1189,0.05683649741,South
1190,1190,0.05779527957,South
1191,1191,0.05380655228,South
1192,1192,0.05460802916,South
1193,1193,0.05628081587,South
1194,1194,0.05773255887,South
1195,1195,0.05747161387,South
1196,1196,0.05511427578,South
1197,1197,0.05134779726,South
1198,1198,0.05696717732,South
1199,1199,0.05981783223,South
1200,1200,0.05859724256,South
1201,1201,0.05733287658,South
1202,1202,0.05576080467,South
1203,1203,0.05559788433,South
1204,1204,0.05553372806,South
1205,1205,0.05544424750,South
1206,1206,0.05806824785,South
1207,1207,0.05552526757,South
1208,1208,0.05747835653,South
1209,1209,0.05502795747,South
1210,1210,0.05692070611,South
1211,1211,0.05727512413,South
1212,1212,0.05730508061,South
1213,1213,0.05849425721,South
1214,1214,0.05799517480,South
1215,1215,0.06004222027,South
1216,1216,0.05886311804,South
1217,1217,0.05867061117,South
1218,1218,0.06055701546,South
1219,1219,0.05500169827,South
1220,1220,0.05608501195,South
1221,1221,0.06093017831,South
1222,1222,0.06142619972,South
1223,1223,0.05890238286,South
1224,1224,0.05788319567,South
1225,1225,0.05826271995,South
1226,1226,0.05648015660,South
1227,1227,0.05710876996,South
1228,1228,0.05628882195,South
1229,1229,0.05661221909,South
1230,1230,0.05498292186,South
1231,1231,0.05518148973,South
1232,1232,0.05799286529,South
1233,1233,0.05736931488,South
1234,1234,0.06126337626,South
1235,1235,0.05899020046,South
1236,1236,0.06031905711,South
1237,1237,0.05969839268,South
1238,1238,0.05842997919,South
1239,1239,0.05488914310,South
1240,1240,0.05868506366,South
1241,1241,0.05886370413,South
1242,1242,0.05907811943,South
1243,1243,0.05563515653,South
1244,1244,0.04886479803,South
1245,1245,0.05787871096,South
1246,1246,0.05841493232,South
1247,1247,0.05731698892,South
1248,1248,0.06120167578,South
1249,1249,0.05878827714,South
1250,1250,0.05716266606,South
1251,1251,0.05439736551,South
1252,1252,0.05547729684,South
1253,1253,0.05874099256,South
1254,1254,0.05902913772,South
1255,1255,0.05769671561,South
1256,1256,0.05993039784,South
1257,1257,0.05841493232,South
1258,1258,0.05729349412,South
1259,1259,0.05882618478,South
1260,1260,0.05925492579,South
1261,1261,0.05546495645,South
1262,1262,0.05553078440,South
1263,1263,0.05504059582,South
1264,1264,0.05452025932,South
1265,1265,0.05474878524,South
1266,1266,0.05810038087,South
1267,1267,0.05561415916,South
1268,1268,0.05734645017,South
1269,1269,0.05773172321,South
1270,1270,0.05721625975,South
1271,1271,0.05979292339,South
1272,1272,0.05727144709,South
1273,1273,0.05879848704,South
1274,1274,0.06129107007,South
1275,1275,0.05813342250,South
1276,1276,0.05950931634,South
1277,1277,0.05939409450,South
1278,1278,0.05853285781,South
1279,1279,0.05228270503,South
1280,1280,0.05725816704,South
1281,1281,0.05553965313,South
1282,1282,0.05560266777,South
1283,1283,0.05562910182,South
1284,1284,0.05503058296,South
1285,1285,0.05505721844,South
1286,1286,0.05473576226,South
1287,1287,0.05438776559,South
1288,1288,0.05905892832,South
1289,1289,0.05768424175,South
1290,1290,0.05749425681,South
1291,1291,0.05738801068,South
1292,1292,0.06103197976,South
1293,1293,0.05813052256,South
1294,1294,0.05801099493,South
1295,1295,0.06120363910,South
1296,1296,0.05847511487,South
1297,1297,0.05773974525,South
1298,1298,0.05643621072,South
1299,1299,0.05876841181,South
1300,1300,0.05503058296,South
1301,1301,0.05792747395,South
1302,1302,0.05951707121,South
1303,1303,0.05746677635,South
1304,1304,0.05735877015,South
1305,1305,0.05771500788,South
1306,1306,0.05989342576,South
1307,1307,0.06009640323,South
1308,1308,0.05877337284,South
1309,1309,0.05877439479,South
1310,1310,0.06002103853,South
1311,1311,0.05904560035,South
1312,1312,0.06054814543,South
1313,1313,0.05988958860,South
1314,1314,0.05728056041,South
1315,1315,0.05724306760,South
1316,1316,0.05731161755,South
1317,1317,0.05857908049,South
1318,1318,0.05594466789,South
1319,1319,0.05341537075,South
1320,1320,0.05357297832,South
1321,1321,0.05505752565,South
1322,1322,0.05779014956,South
1323,1323,0.05905345384,South
1324,1324,0.05482061043,South
1325,1325,0.05760182183,South
1326,1326,0.05982938073,South
1327,1327,0.05807464937,South
1328,1328,0.05897386656,South
1329,1329,0.06046309472,South
1330,1330,0.05878780270,South
1331,1331,0.05891109756,South
1332,1332,0.05880544509,South
1333,1333,0.05812540447,South
1334,1334,0.05971872503,South
1335,1335,0.05970277299,South
1336,1336,0.05333812366,South
1337,1337,0.05351394170,South
1338,1338,0.05544368529,South
1339,1339,0.05767821819,South
1340,1340,0.05550779435,South
1341,1341,0.05903988852,South
1342,1342,0.05963690657,South
1343,1343,0.05624583125,South
1344,1344,0.06102833158,South
1345,1345,0.05896040847,South
1346,1346,0.05918091262,South
1347,1347,0.05969486460,South
1348,1348,0.05502479137,South
1349,1349,0.05345451349,South
1350,1350,0.05482721930,South
1351,1351,0.05513937745,South
1352,1352,0.05751293629,South
1353,1353,0.05977531159,South
1354,1354,0.05909626369,South
1355,1355,0.05880119534,South
1356,1356,0.05798319495,South
1357,1357,0.05639360255,South
1358,1358,0.05894748268,South
1359,1359,0.05895177776,South
1360,1360,0.05923641470,South
1361,1361,0.05333182064,South
1362,1362,0.05778391954,South
1363,1363,0.05763022965,South
1364,1364,0.05482463350,South
1365,1365,0.05760229495,South
1366,1366,0.05720257437,South
1367,1367,0.05719636297,South
1368,1368,0.05969293968,South
1369,1369,0.05989173673,South
1370,1370,0.05988762263,South
1371,1371,0.05679561202,South
1372,1372,0.06042580290,South
1373,1373,0.05905506892,South
1374,1374,0.06002065898,South
1375,1375,0.06171287222,South
1376,1376,0.05845076066,South
1377,1377,0.05912719237,South
1378,1378,0.06047204195,South
1379,1379,0.06016862404,South
1380,1380,0.05849670329,South
1381,1381,0.05807566490,South
1382,1382,0.05599829651,South
1383,1383,0.06060726637,South
1384,1384,0.05838571627,South
1385,1385,0.05693240031,South
1386,1386,0.05697393678,South
1387,1387,0.05735926038,South
1388,1388,0.05590251855,South
1389,1389,0.05985156072,South
1390,1390,0.05888720141,South
1391,1391,0.05864661299,South
1392,1392,0.06126778207,South
1393,1393,0.06052123712,South
1394,1394,0.05906078059,South
1395,1395,0.05963158530,South
1396,1396,0.05739815354,South
1397,1397,0.05855643180,South
1398,1398,0.05851769751,South
1399,1399,0.05874727386,South
1400,1400,0.06079600478,South
1401,1401,0.06162195100,South
1402,1402,0.04751082726,South
1403,1403,0.06092781027,South
1404,1404,0.05913601471,South
1405,1405,0.05926405397,South
1406,1406,0.05568005931,South
1407,1407,0.05847125374,South
1408,1408,0.05776468130,South
1409,1409,0.05457710569,South
1410,1410,0.05857399633,South
1411,1411,0.05979816268,South
1412,1412,0.05924982953,South
1413,1413,0.05986514438,South
1414,1414,0.05970809539,South
1415,1415,0.05803657045,South
1416,1416,0.05964952939,South
1417,1417,0.05812152143,South
1418,1418,0.06208120732,South
1419,1419,0.06067708167,South
1420,1420,0.06068174720,South
1421,1421,0.05971367208,South
1422,1422,0.05877845421,South
1423,1423,0.05477860737,South
1424,1424,0.05387229752,South
1425,1425,0.05787557179,South
1426,1426,0.05759760499,South
1427,1427,0.06044664256,South
1428,1428,0.05989874968,South
1429,1429,0.05996748873,South
1430,1430,0.05986434229,South
1431,1431,0.05679124719,South
1432,1432,0.05679124719,South
1433,1433,0.05997829191,South
1434,1434,0.06025096920,South
1435,1435,0.06085961297,South
1436,1436,0.06196445322,South
1437,1437,0.04701124134,South
1438,1438,0.05734889274,South
1439,1439,0.05367090674,South
1440,1440,0.05835429997,South
1441,1441,0.05837740303,South
1442,1442,0.05728177695,South
1443,1443,0.05872501944,South
1444,1444,0.05980590967,South
1445,1445,0.05881423941,South
1446,1446,0.06025460650,South
1447,1447,0.06023957444,South
1448,1448,0.05660990238,South
1449,1449,0.06045113111,South
1450,1450,0.05800007934,South
1451,1451,0.04358508414,South
1452,1452,0.06004205708,South
1453,1453,0.06183919184,South
1454,1454,0.05729104649,South
1455,1455,0.05926149603,South
1456,1456,0.05898860674,South
1457,1457,0.05938818334,South
1458,1458,0.05798076288,South
1459,1459,0.06037075025,South
1460,1460,0.06083451762,South
1461,1461,0.06082937245,South
1462,1462,0.05878263323,South
1463,1463,0.05452710773,South
1464,1464,0.04351173820,South
1465,1465,0.05357262082,South
1466,1466,0.05350926242,South
1467,1467,0.05949590830,South
1468,1468,0.06124418371,South
1469,1469,0.05981282401,South
1470,1470,0.05983543897,South
1471,1471,0.05992160757,South
1472,1472,0.05901125576,South
1473,1473,0.05886779048,South
1474,1474,0.06095324522,South
1475,1475,0.06005936018,South
1476,1476,0.05927271951,South
1477,1477,0.05875227527,South
1478,1478,0.05678538200,South
1479,1479,0.05665610285,South
1480,1480,0.05451620490,South
1481,1481,0.05874681356,South
1482,1482,0.05899903439,South
1483,1483,0.05649001621,South
1484,1484,0.05995547235,South
1485,1485,0.05995427290,South
1486,1486,0.06144752595,South
1487,1487,0.06007814505,South
1488,1488,0.05894816096,South
1489,1489,0.05906044201,South
1490,1490,0.05532104579,South
1491,1491,0.05349108697,South
1492,1492,0.05352481127,South
1493,1493,0.05880621622,South
1494,1494,0.05577233424,South
1495,1495,0.05457392409,South
1496,1496,0.05649969616,South
1497,1497,0.05963834320,South
1498,1498,0.05956691905,South
1499,1499,0.05988360482,South
1500,1500,0.05967200920,South
1501,1501,0.06131318912,South
1502,1502,0.06144896637,South
1503,1503,0.06007543092,South
1504,1504,0.06031401899,South
1505,1505,0.06034300034,South
1506,1506,0.06010914010,South
1507,1507,0.04691885000,South
1508,1508,0.06020970417,South
1509,1509,0.06011418143,South
1510,1510,0.05521906758,South
1511,1511,0.05655279985,South
1512,1512,0.05653689063,South
1513,1513,0.05612405724,South
1514,1514,0.05821994686,South
1515,1515,0.05647133528,South
1516,1516,0.05973990358,South
1517,1517,0.05781148350,South
1518,1518,0.05977293126,South
1519,1519,0.05943567304,South
1520,1520,0.05946065366,South
1521,1521,0.06116995528,South
1522,1522,0.04665797759,South
1523,1523,0.06095330680,South
1524,1524,0.05793078310,South
1525,1525,0.06008778338,South
1526,1526,0.06009698831,South
1527,1527,0.06038568556,South
1528,1528,0.06017656544,South
1529,1529,0.06039394949,South
1530,1530,0.06018682122,South
1531,1531,0.06003904712,South
1532,1532,0.05729051409,South
1533,1533,0.05989326036,South
1534,1534,0.05611452552,South
1535,1535,0.05639106356,South
1536,1536,0.05948966206,South
1537,1537,0.06047240999,South
1538,1538,0.06036815522,South
1539,1539,0.05863538898,South
1540,1540,0.06000536072,South
1541,1541,0.05945436169,South
1542,1542,0.05944076668,South
1543,1543,0.06155769852,South
1544,1544,0.05844965027,South
1545,1545,0.06076408636,South
1546,1546,0.06059336239,South
1547,1547,0.05046109227,South
1548,1548,0.06083751603,South
1549,1549,0.06298764841,South
1550,1550,0.06229198388,South
1551,1551,0.05965410455,South
1552,1552,0.05905913771,South
1553,1553,0.05846890884,South
1554,1554,0.05684228079,South
1555,1555,0.05680617177,South
1556,1556,0.05929971143,South
1557,1557,0.05831283207,South
1558,1558,0.05955790294,South
1559,1559,0.05975050161,South
1560,1560,0.05935790093,South
1561,1561,0.06015464452,South
1562,1562,0.05982008679,South
1563,1563,0.06082120919,South
1564,1564,0.05993706632,South
1565,1565,0.06005900987,South
1566,1566,0.06068240799,South
1567,1567,0.06272454855,South
1568,1568,0.05837684945,South
1569,1569,0.05966905884,South
1570,1570,0.05929547314,South
1571,1571,0.05687776308,South
1572,1572,0.05675848499,South
1573,1573,0.05621297608,South
1574,1574,0.05914249010,South
1575,1575,0.05624084609,South
1576,1576,0.05916878213,South
1577,1577,0.05862770585,South
1578,1578,0.05950078887,South
1579,1579,0.05967945461,South
1580,1580,0.05906486707,South
1581,1581,0.06059593218,South
1582,1582,0.06048270089,South
1583,1583,0.06057986749,South
1584,1584,0.06072200874,South
1585,1585,0.06086489078,South
1586,1586,0.05053329096,South
1587,1587,0.05779191500,South
1588,1588,0.05609078739,South
1589,1589,0.05974267838,South
1590,1590,0.05861247031,South
1591,1591,0.06013034852,South
1592,1592,0.06037164741,South
1593,1593,0.06039236950,South
1594,1594,0.06040895356,South
1595,1595,0.05879137778,South
1596,1596,0.06004464458,South
1597,1597,0.06045836425,South
1598,1598,0.04727489973,South
1599,1599,0.04717607557,South
1600,1600,0.06031309513,South
1601,1601,0.06094561908,South
1602,1602,0.05241005627,South
1603,1603,0.05691835592,South
1604,1604,0.06005032620,South
1605,1605,0.05829564946,South
1606,1606,0.06060633499,South
1607,1607,0.05865925073,South
1608,1608,0.05913853550,South
1609,1609,0.05970467458,South
1610,1610,0.05980741305,South
1611,1611,0.05973292932,South
1612,1612,0.06075832095,South
1613,1613,0.06113517193,South
1614,1614,0.06199048658,South
1615,1615,0.05820175485,South
1616,1616,0.05979134398,South
1617,1617,0.06006576329,South
1618,1618,0.05972507942,South
1619,1619,0.06045241086,South
1620,1620,0.06010424612,South
1621,1621,0.06044982847,South
1622,1622,0.06153927245,South
1623,1623,0.06119183303,South
1624,1624,0.06093417208,South
1625,1625,0.04935401860,South
1626,1626,0.06179635384,South
1627,1627,0.05471155909,South
1628,1628,0.05803800879,South
1629,1629,0.05960414330,South
1630,1630,0.06079203033,South
1631,1631,0.06195975205,South
1632,1632,0.06051665319,South
1633,1633,0.06056071681,South
1634,1634,0.06038471321,South
1635,1635,0.06187822429,South
1636,1636,0.04716511522,South
1637,1637,0.06072200930,South
1638,1638,0.06086593132,South
1639,1639,0.06096208096,South
1640,1640,0.06101511998,South
1641,1641,0.06127148293,South
1642,1642,0.05981714090,South
1643,1643,0.06061889979,South
1644,1644,0.06034813384,South
1645,1645,0.05987480651,South
1646,1646,0.05992318840,South
1647,1647,0.06016413628,South
1648,1648,0.05898589456,South
1649,1649,0.06103736068,South
1650,1650,0.05953710731,South
1651,1651,0.06145441059,South
1652,1652,0.05799950114,South
1653,1653,0.05972943330,South
1654,1654,0.06014236860,South
1655,1655,0.06018500636,South
1656,1656,0.06180682589,South
1657,1657,0.06098164479,South
1658,1658,0.06119691530,South
1659,1659,0.06344220898,South
1660,1660,0.06195326773,South
1661,1661,0.06174802911,South
1662,1662,0.06240011887,South
1663,1663,0.05828496159,South
1664,1664,0.06015776558,South
1665,1665,0.05082118254,South
1666,1666,0.06250844393,South
1667,1667,0.06076187717,South
1668,1668,0.06104446598,South
1669,1669,0.06105027375,South
1670,1670,0.06205875249,South
1671,1671,0.05957025771,South
1672,1672,0.05864767170,South
1673,1673,0.06074711847,South
1674,1674,0.06439469398,South
1675,1675,0.06282400302,South
1676,1676,0.06056324552,South
1677,1677,0.06008382645,South
1678,1678,0.06291525649,South
1679,1679,0.04745953475,South
1680,1680,0.06285866677,South
1681,1681,0.06177701519,South
1682,1682,0.05799731855,South
1683,1683,0.05917916578,South
1684,1684,0.06323058416,South
1685,1685,0.06029517435,South
1686,1686,0.06150933143,South
1687,1687,0.06229998411,South
1688,1688,0.06007436957,South
1689,1689,0.06008567077,South
1690,1690,0.06012302069,South
1691,1691,0.06596136557,South
1692,1692,0.05952013193,South
1693,1693,0.06053601011,South
1694,1694,0.06091129219,South
1695,1695,0.06113089379,South
1696,1696,0.05543580314,South
1697,1697,0.05889698663,South
1698,1698,0.06127632570,South
1699,1699,0.06014498960,South
1700,1700,0.06068992574,South
1701,1701,0.06029117907,South
1702,1702,0.06067627317,South
1703,1703,0.06122822125,South
1704,1704,0.06355290796,South
1705,1705,0.06157918423,South
1706,1706,0.06157701540,South
1707,1707,0.06016107734,South
1708,1708,0.06130445622,South
1709,1709,0.06131711495,South
1710,1710,0.06133457970,South
1711,1711,0.06164652594,South
1712,1712,0.06227948331,South
1713,1713,0.06199162772,South
1714,1714,0.06192247263,South
1715,1715,0.06287832928,South
1716,1716,0.05972984526,South
1717,1717,0.06134777567,South
1718,1718,0.06066709589,South
1719,1719,0.06216076270,South
1720,1720,0.06200402689,South
1721,1721,0.06365737645,South
1722,1722,0.06199984690,South
1723,1723,0.06202451725,South
1724,1724,0.04948875899,South
1725,1725,0.04941887972,South
1726,1726,0.06124647702,South
1727,1727,0.05957196833,South
1728,1728,0.06030718754,South
1729,1729,0.06266622277,South
1730,1730,0.06319642569,South
1731,1731,0.06367458350,South
1732,1732,0.06270892828,South
1733,1733,0.06529098678,South
1734,1734,0.06416071333,South
1735,1735,0.06468598281,South
1736,1736,0.04941680640,South
1737,1737,0.06220748766,South
1738,1738,0.06216452825,South
1739,1739,0.06052975051,South
1740,1740,0.05953202018,South
1741,1741,0.06275364003,South
1742,1742,0.06272695994,South
1743,1743,0.06268046047,South
1744,1744,0.06383094643,South
1745,1745,0.04947793816,South
1746,1746,0.06419868819,South
1747,1747,0.04948902583,South
1748,1748,0.06235444150,South
1749,1749,0.06103275861,South
1750,1750,0.06420714255,South
1751,1751,0.06252668704,South
1752,1752,0.06272871214,South
1753,1753,0.06380098761,South
1754,1754,0.06369623023,South
1755,1755,0.06292516900,South
1756,1756,0.06048194915,South
1757,1757,0.06316078291,South
1758,1758,0.06387754785,South
1759,1759,0.06383049444,South
1760,1760,0.06610020651,South
1761,1761,0.06425459128,South
1762,1762,0.06442901342,South
1763,1763,0.06176071319,South
1764,1764,0.06390007008,South
1765,1765,0.06235471139,South
1766,1766,0.06412351926,South
1767,1767,0.06559045672,South
1768,1768,0.06300749567,South
1769,1769,0.06292665803,South
1770,1770,0.06407117469,South
1771,1771,0.06417573723,South
1772,1772,0.05500735299,South
1773,1773,0.06190632180,South
1774,1774,0.06190185658,South
1775,1775,0.06433490268,South
1776,1776,0.05509967621,South
1777,1777,0.05484695378,South
1778,1778,0.06201424324,South
1779,1779,0.06190859334,South
1780,1780,0.06423270368,South
1781,1781,0.06435103962,South
1782,1782,0.05477542032,South
1783,1783,0.06207559041,South
1784,1784,0.06271758597,South
1785,1785,0.06404919144,South
1786,1786,0.06434425689,South
1787,1787,0.04936858967,South
1788,1788,0.06423694921,South
1789,1789,0.05550257097,South
1790,1790,0.06323280511,South
1791,1791,0.06063128771,South
1792,1792,0.06406328313,South
1793,1793,0.06413763863,South
1794,1794,0.06452885078,South
1795,1795,0.06318633098,South
1796,1796,0.06436040210,South
1797,1797,0.06584916479,South
1798,1798,0.05550229941,South
1799,1799,0.05848345484,South
1800,1800,0.06321128232,South
1801,1801,0.06158641911,South
1802,1802,0.06115108066,South
1803,1803,0.06090074629,South
1804,1804,0.06464824248,South
1805,1805,0.06271940156,South
1806,1806,0.06587455280,South
1807,1807,0.06410473049,South
1808,1808,0.06308708749,South
1809,1809,0.06282690373,South
1810,1810,0.06289214516,South
1811,1811,0.06297957313,South
1812,1812,0.06161026026,South
1813,1813,0.06171609550,South
1814,1814,0.06192771306,South
1815,1815,0.06586223021,South
1816,1816,0.06036764009,South
1817,1817,0.06512457074,South
1818,1818,0.06461888178,South
1819,1819,0.06310904245,South
1820,1820,0.06436733455,South
1821,1821,0.05558501915,South
1822,1822,0.06459082850,South
1823,1823,0.06582903756,South
1824,1824,0.05969621636,South
1825,1825,0.06342373259,South
1826,1826,0.06109714370,South
1827,1827,0.06050112472,South
1828,1828,0.06223737293,South
1829,1829,0.06219081253,South
1830,1830,0.06597307991,South
1831,1831,0.06593161263,South
1832,1832,0.04556709794,South
1833,1833,0.05560337192,South
1834,1834,0.06445435266,South
1835,1835,0.06288073552,South
1836,1836,0.05903162316,South
1837,1837,0.06317444454,South
1838,1838,0.06054433023,South
1839,1839,0.06286976475,South
1840,1840,0.06600662205,South
1841,1841,0.06599776787,South
1842,1842,0.05305880223,South
1843,1843,0.06427842064,South
1844,1844,0.05976971095,South
1845,1845,0.06022526200,South
1846,1846,0.05904017249,South
1847,1847,0.06298088876,South
1848,1848,0.06225992302,South
1849,1849,0.06407635820,South
1850,1850,0.06550336666,South
1851,1851,0.06205151959,South
1852,1852,0.06588392332,South
1853,1853,0.06129772504,South
1854,1854,0.06197594894,South
1855,1855,0.06206530542,South
1856,1856,0.06277409972,South
1857,1857,0.06267033508,South
1858,1858,0.06319611372,South
1859,1859,0.06319790200,South
1860,1860,0.06332718959,South
1861,1861,0.06450478686,South
1862,1862,0.06268618691,South
1863,1863,0.06593537919,South
1864,1864,0.06119267318,South
1865,1865,0.06289891802,South
1866,1866,0.05996734273,South
1867,1867,0.06288271628,South
1868,1868,0.06251037910,South
1869,1869,0.06051451478,South
1870,1870,0.06051289278,South
1871,1871,0.06053250755,South
1872,1872,0.06128924106,South
1873,1873,0.06339604767,South
1874,1874,0.06106938943,South
1875,1875,0.06212509895,South
1876,1876,0.06364822054,South
1877,1877,0.06286993135,South
1878,1878,0.06099477482,South
1879,1879,0.06238569514,South
1880,1880,0.06338394385,South
1881,1881,0.06090229818,South
1882,1882,0.06159495002,South
1883,1883,0.06257778011,South
1884,1884,0.06261547412,South
1885,1885,0.06116079937,South
1886,1886,0.06163786169,South
1887,1887,0.06170249636,South
1888,1888,0.06050474415,South
1889,1889,0.06055667292,South
1890,1890,0.05991905894,South
1891,1891,0.06416711167,South
1892,1892,0.06126511323,South
1893,1893,0.06304628385,South
1894,1894,0.06367808301,South
1895,1895,0.06376266432,South
1896,1896,0.06126455970,South
1897,1897,0.06257635812,South
1898,1898,0.06174057088,South
1899,1899,0.06198507198,South
1900,1900,0.06199465056,South
1901,1901,0.06333427332,South
1902,1902,0.06221090536,South
1903,1903,0.06344507354,South
1904,1904,0.05588297435,South
1905,1905,0.05494065634,South
1906,1906,0.05674108099,South
1907,1907,0.05544025774,South
1908,1908,0.05634326741,South
1909,1909,0.05823079379,South
1910,1910,0.05502977092,South
1911,1911,0.05733053252,South
1912,1912,0.05842833604,South
1913,1913,0.05749287617,South
1914,1914,0.05643418191,South
1915,1915,0.05805437799,South
1916,1916,0.05740833057,South
1917,1917,0.05640028687,South
1918,1918,0.05733866855,South
1919,1919,0.05896217776,South
1920,1920,0.05537520501,South
1921,1921,0.05270269492,South
1922,1922,0.05271030449,South
1923,1923,0.05503633740,South
1924,1924,0.05284315346,South
1925,1925,0.05277556566,South
1926,1926,0.05537634105,South
1927,1927,0.05225047860,South
1928,1928,0.05911001065,South
1929,1929,0.05283512206,South
1930,1930,0.05514086229,South
1931,1931,0.05541803307,South
1932,1932,0.05793636408,South
1933,1933,0.06161971953,South
1934,1934,0.06010078519,South
1935,1935,0.05847408817,South
1936,1936,0.06245390715,South
1937,1937,0.04840327978,South
1938,1938,0.04715924933,South
1939,1939,0.05701882386,South
1940,1940,0.05900067102,South
1941,1941,0.05774893858,South
1942,1942,0.05697393566,South
1943,1943,0.05698262230,South
1944,1944,0.06229265953,South
1945,1945,0.06195147951,South
1946,1946,0.05695585406,South
1947,1947,0.05697147364,South
1948,1948,0.05683872660,South
1949,1949,0.05623897969,South
1950,1950,0.05897983059,South
1951,1951,0.05903004898,South
1952,1952,0.06026164845,South
1953,1953,0.05611972976,South
1954,1954,0.05736075699,South
1955,1955,0.06114392230,South
1956,1956,0.05947071872,South
1957,1957,0.05986291631,South
1958,1958,0.05923001476,South
1959,1959,0.05969683125,South
1960,1960,0.05954094526,South
1961,1961,0.05751657470,South
1962,1962,0.05631674318,South
1963,1963,0.05977552192,South
1964,1964,0.05903375190,South
1965,1965,0.05972111175,South
1966,1966,0.05509929576,South
1967,1967,0.05957503625,South
1968,1968,0.05926617350,South
1969,1969,0.05898087861,South
1970,1970,0.05593214692,South
1971,1971,0.05634433987,South
1972,1972,0.05947748819,South
1973,1973,0.05915519301,South
1974,1974,0.05962809400,South
1975,1975,0.06017631789,South
1976,1976,0.05800653376,South
1977,1977,0.05837297525,South
1978,1978,0.06000481623,South
1979,1979,0.05790407143,South
1980,1980,0.05782164515,South
1981,1981,0.05796961365,South
1982,1982,0.05848470077,South
1983,1983,0.05840770697,South
1984,1984,0.05842345222,South
1985,1985,0.05923202469,South
1986,1986,0.05974531911,South
1987,1987,0.05882467338,South
1988,1988,0.05905644230,South
1989,1989,0.05959085483,South
1990,1990,0.05817863739,South
1991,1991,0.05849497519,South
1992,1992,0.05963480885,South
1993,1993,0.04311315247,South
1994,1994,0.05807005066,South
1995,1995,0.06016413407,South
1996,1996,0.05600490867,South
1997,1997,0.05827477372,South
1998,1998,0.05916110923,South
1999,1999,0.05946819951,South
2000,2000,0.05817641329,South
2001,2001,0.05805579897,South
2002,2002,0.05787013569,South
2003,2003,0.05783684397,South
2004,2004,0.04921629098,South
2005,2005,0.05770548406,South
2006,2006,0.05786539213,South
2007,2007,0.05961203364,South
2008,2008,0.04669144427,South
2009,2009,0.04676693066,South
2010,2010,0.04489565287,South
2011,2011,0.05853121239,South
2012,2012,0.05890659707,South
2013,2013,0.05795896038,South
2014,2014,0.04373528490,South
2015,2015,0.05226058155,South
2016,2016,0.05818056753,South
2017,2017,0.05501922206,South
2018,2018,0.05859829547,South
2019,2019,0.05799049445,South
2020,2020,0.03750549980,South
2021,2021,0.05712143623,South
2022,2022,0.05653567194,South
2023,2023,0.05805655376,South
2024,2024,0.05748989255,South
2025,2025,0.05779961049,South
2026,2026,0.05707765743,South
2027,2027,0.05702139795,South
2028,2028,0.05771736578,South
2029,2029,0.05773148721,South
2030,2030,0.05796571655,South
2031,2031,0.05724342012,South
2032,2032,0.05808769577,South
2033,2033,0.05720929940,South
2034,2034,0.05164813932,South
2035,2035,0.05774697181,South
2036,2036,0.05703275882,South
2037,2037,0.05161981286,South
2038,2038,0.05920281106,South
2039,2039,0.05744624945,South
2040,2040,0.05733180511,South
2041,2041,0.04304956915,South
2042,2042,0.05070984278,South
2043,2043,0.06128674017,South
2044,2044,0.05783984848,South
2045,2045,0.06043145044,South
2046,2046,0.05741662779,South
2047,2047,0.06125263722,South
2048,2048,0.05919185038,South
2049,2049,0.05966755905,South
2050,2050,0.06202195244,South
2051,2051,0.05924871691,South
2052,2052,0.05919206235,South
2053,2053,0.05833155575,South
2054,2054,0.05826697932,South
2055,2055,0.05969336399,South
2056,2056,0.05832521206,South
2057,2057,0.05778062884,South
2058,2058,0.05628428609,South
2059,2059,0.05987481602,South
2060,2060,0.06029115651,South
2061,2061,0.05773959445,South
2062,2062,0.06023110653,South
2063,2063,0.05998521789,South
2064,2064,0.05799203061,South
2065,2065,0.05851298774,South
2066,2066,0.05946369164,South
2067,2067,0.05799994191,South
2068,2068,0.05849162610,South
2069,2069,0.05756641115,South
2070,2070,0.05732036991,South
2071,2071,0.05755865830,South
2072,2072,0.05734276491,South
2073,2073,0.05762169808,South
2074,2074,0.05758785683,South
